{
  "navItems": [
    {
      "id": 1,
      "text": "参观预约",
      "icon": "https://ai-public.mastergo.com/ai/img_res/c6b3f1ecce07d4372de096bbb8026585.jpg"
    },
    {
      "id": 2,
      "text": "约活动",
      "icon": "https://ai-public.mastergo.com/ai/img_res/104df086904082fb96cce86363b29eb2.jpg"
    },
    {
      "id": 3,
      "text": "约讲座",
      "icon": "https://ai-public.mastergo.com/ai/img_res/618ac3e5755ab45e2a397217999d3235.jpg"
    },
    {
      "id": 4,
      "text": "殿堂展账票",
      "icon": "https://ai-public.mastergo.com/ai/img_res/17ccd1ea849180fd63605e185340cc04.jpg"
    },
    {
      "id": 5,
      "text": "特展购票",
      "icon": "https://ai-public.mastergo.com/ai/img_res/8d30f21f19fa945ee8a51d616b21d3f8.jpg"
    },
    {
      "id": 6,
      "text": "游首博",
      "icon": "https://ai-public.mastergo.com/ai/img_res/aab57195e76605cb30794978bbee5f93.jpg"
    },
    {
      "id": 7,
      "text": "观展览",
      "icon": "https://ai-public.mastergo.com/ai/img_res/9ab7315f6037db635e358064176b1140.jpg"
    },
    {
      "id": 8,
      "text": "赏藏品",
      "icon": "https://ai-public.mastergo.com/ai/img_res/bcbd45d89e46639da14e4d704bbaff2b.jpg"
    },
    {
      "id": 9,
      "text": "阅图书",
      "icon": "https://ai-public.mastergo.com/ai/img_res/084aa973084c62e79b7c643b0b356165.jpg"
    },
    {
      "id": 10,
      "text": "手语讲解",
      "icon": "https://ai-public.mastergo.com/ai/img_res/607985ea6164298c69cd7b35b88fdaa1.jpg"
    }
  ],
  "swiperList": [
      {
        "id": 1,
        "title": "明清瓷器特展",
        "description": "感受千年窑火延续的匠心与艺术",
        "image": "https://ai-public.mastergo.com/ai/img_res/86bfadde285406568e0b818fb30fa258.jpg"
      },
      {
        "id": 2,
        "title": "玉器鉴赏展",
        "description": "探索中华玉文化的奥秘",
        "image": "https://ai-public.mastergo.com/ai/img_res/7ed1694e640bb0ff881f341cac65ed34.jpg"
      },
      {
        "id": 3,
        "title": "青铜器展",
        "description": "重现青铜时代的辉煌",
        "image": "https://ai-public.mastergo.com/ai/img_res/14ad01ed67f1518672f80f5e7d79ecce.jpg"
      }
    ],
  "collectionItems": [
      {
        "id": 1,
        "name": "景德镇窑青花凤首壶",
        "image": "https://ai-public.mastergo.com/ai/img_res/d7a553b0f6d105d1e82be3d042b57bb5.jpg"
      },
      {
        "id": 2,
        "name": "明代青花瓷器",
        "image": "https://ai-public.mastergo.com/ai/img_res/2256d27467934331127a4bfe9b5e6642.jpg"
      },
      {
        "id": 3,
        "name": "汉代玉器",
        "image": "https://ai-public.mastergo.com/ai/img_res/4f8c344ef87bdd62930cd65e718e0dd7.jpg"
      }
    ],
  "interactionItems": [
      {
        "id": 1,
        "title": "文物故事分享",
        "image": "https://ai-public.mastergo.com/ai/img_res/9cb57003805a6485bf679982159da3fb.jpg"
      },
      {
        "id": 2,
        "title": "展览互动体验",
        "image": "https://ai-public.mastergo.com/ai/img_res/1a93384eb5c9d74f6d95dae60b07ffac.jpg"
      },
      {
        "id": 3,
        "title": "文化探索之旅",
        "image": "https://ai-public.mastergo.com/ai/img_res/c780d91a2dc46fced183a300df5a59ce.jpg"
      }
    ],
  "nearbyMuseums": [
      {
        "id": 1,
        "imageUrl": "https://ai-public.mastergo.com/ai/img_res/70571221e93724dbbe09ca4d722e4799.jpg",
        "name": "国家博物馆",
        "distance": "2.5km",
        "description": "中国最大的综合性博物馆"
      },
      {
        "id": 2,
        "imageUrl": "https://ai-public.mastergo.com/ai/img_res/66adad0e147ea8ae614afee0bbf5e48f.jpg",
        "name": "故宫博物院",
        "distance": "3.2km",
        "description": "世界上规模最大的古代宫殿建筑群"
      }
    ],
  "recommendedRoutes": [
      {
        "id": 1,
        "imageUrl": "https://ai-public.mastergo.com/ai/img_res/aedbf9c9fe15fc9fb164e8bf6303b573.jpg",
        "name": "古都遗珍之旅",
        "duration": "约2小时",
        "description": "探索北京城最具代表性的文物与历史遗迹",
        "tags": ["文物鉴赏", "历史文化", "精品路线"]
      },
      {
        "id": 2,
        "imageUrl": "https://ai-public.mastergo.com/ai/img_res/9380570289bd6e719ca6d12bea2f1be0.jpg",
        "name": "科技互动之旅",
        "duration": "约1.5小时",
        "description": "体验数字科技与文物展示的完美融合",
        "tags": ["科技互动", "沉浸体验"]
      }
    ],
  "products": [
      {
        "id": 1,
        "imageUrl": "https://ai-public.mastergo.com/ai/img_res/390c37e1ee749dd98fdd103669a51d08.jpg",
        "name": "故宫团扇",
        "price": "128"
      },
      {
        "id": 2,
        "imageUrl": "https://ai-public.mastergo.com/ai/img_res/dfe48f36b4994018844194944d2c6121.jpg",
        "name": "文创笔记本",
        "price": "68"
      },
      {
        "id": 3,
        "imageUrl": "https://ai-public.mastergo.com/ai/img_res/4d89792c999532c5b5b01484666ed2d1.jpg",
        "name": "传统书签",
        "price": "45"
      }
    ],
  "themeExhibitions": [
      {
        "id": 1,
        "imageUrl": "https://ai-public.mastergo.com/ai/img_res/2259c22ebc37e76d1469ddccdcb43c66.jpg",
        "name": "丝路文明展",
        "date": "2024.1.1-2024.3.1",
        "description": "展现丝绸之路上的文化交流与文明互鉴"
      },
      {
        "id": 2,
        "imageUrl": "https://ai-public.mastergo.com/ai/img_res/ee3a4e21843e2492d0812a1affdfaf89.jpg",
        "name": "当代艺术展",
        "date": "2024.2.1-2024.4.1",
        "description": "探索现代艺术与传统文化的碰撞"
      }
    ]
}
