{
  "pages": [
    {
      "path": "pages/index/index",
      "style": {
        "navigationBarTitleText": "首页"
      }
    },
    {
      "path": "pages/wode/wode",
      "style": {
        "navigationBarTitleText": "我的"
      }
    },
    {
      "path": "pages/daolan/daolan",
      "style": {
        "navigationBarTitleText": "导览"
      }
    },
    {
      "path": "pages/tuijian/tuijian",
      "style": {
        "navigationBarTitleText": "推荐"
      }
    }
  ],
  "easycom": {
		"autoscan": true,
		"custom": {
			"^uni-(.*)": "@dcloudio/uni-ui/lib/uni-$1/uni-$1.vue"
		}
	},
  "globalStyle": {
    "navigationBarTextStyle": "black",
    "navigationBarTitleText": "uni-app",
    "navigationBarBackgroundColor": "#F8F8F8",
    "backgroundColor": "#F8F8F8"
  },
  "tabBar": {
	"position": "bottom",
    "color": "#4295fa",
    "selectedColor": "#ee1eb3",
    "list": [
      {
        "pagePath": "pages/index/index",
        "text": "首页"
      },
      {
        "pagePath": "pages/daolan/daolan",
        "text": "导览"
      },
	  {
        "pagePath": "pages/tuijian/tuijian",
        "text": "推荐"
      },
	  {
        "pagePath": "pages/wode/wode",
        "text": "我的"
      }
    ]
  }
  
}
